戦闘スピードが2倍速になります,戦闘中アイテムをタップすれば,ON・OFFが可能,
お宝出現率アップ！,勝利すれば１００％の確率で,最高のお宝をゲットすることができる,
戦闘開始時から働きネコのレベルが,ＭＡＸ状態でスタートします,＠,
ネコ型ＣＰＵが戦闘をやってくれます,ネコ型なので性能は期待できない,＠,
戦闘終了後に得られる経験値が,１．５倍になります,＠,
スナイパーが援護射撃をしてくれます,弾が当たると必ずヒットバック,攻撃力は城の体力に比例します,
経験値をネコカンで購入する事ができます,＠,＠,
経験値をネコカンで購入する事ができます,＠,＠,
経験値をネコカンで購入する事ができます,＠,＠,
経験値をネコカンで購入する事ができます,＠,＠,
経験値をネコカンで購入する事ができます,＠,＠, 