ネコ基地へようこそ！,ここで戦闘の準備を整えて,戦いに出発にゃ♪,＠,＠,
同じステージばかりで戦うと,もらえる経験値が,減るので注意にゃ！,＠,＠,
なかなか勝てないときは,一度クリアしたステージで,経験値をかせぐにゃ！,＠,＠, 
ハングリーであれ。,バカであれ。,＠,＠,＠,
戦闘中のお金を生産する、,働きネコの存在は大切にゃ！,パワーアップ画面で,しっかり増資するのにゃ！,＠,
ネコカンは至極の食べ物にゃ♪,にゃんこは全員、ネコカンに,まっしぐらにゃ！,＠,＠,
統率力は時間で回復にゃ♪,もしも無くなってしまったら,しばらく待ってから行動するにゃ！,＠,＠,
何事も感謝の気持ちが大切にゃ。,＠,＠,＠,＠,	↓2週目のメッセージ
章が違ってもお宝の効果は,引継がれるにゃ！,以前の章のお宝を集めるのも,強くなる為に有効な手段にゃ！,＠,											//2週目のメッセージ以降
最高のお宝を全て集めると,にゃんこ達のパワーは数倍に,膨れ上がるにゃ！,どうしても勝てないときは,最高のお宝を集めまくるにゃ！,＠,	//2週目のメッセージ以降

