牛乳,
りんご,
きりたんぽ,
わんこそば,
さくらんぼ,
タン,
喜多方ラーメン,
納豆,
餃子,
こんにゃく,
せんべい,
もんじゃ,
落花生,
干物,
お米,
信州そば,
ほうとう,
お茶,
ホタルイカ,
工芸品,
みそ,
寿司,
メガネ,
フナ,
牛,
鹿,
漬物,
たこやき,
梅干し,
明石焼き,
梨,
桃,
出雲そば,
お好み焼き,
フグ,
うどん,
すだち,
みかん,
カツオ,
明太子,
焼酎,
マンゴー,
馬刺し,
さつまいも,
ムツゴロウ,
カステラ,
泡盛,
猫の心,
？？？,
